{"stats":{"minecraft:killed":{"minecraft:sheep":4,"minecraft:skeleton":1,"minecraft:pig":5,"peru_mod:quirquincho":1,"alexsmobs:raccoon":1,"born_in_chaos_v1:thornshell_crab":1,"minecraft:cow":8},"minecraft:custom":{"minecraft:time_since_rest":3121,"minecraft:interact_with_furnace":3,"minecraft:sprint_one_cm":52585,"minecraft:damage_taken":200,"minecraft:walk_one_cm":27978,"minecraft:mob_kills":21,"minecraft:damage_dealt":2309,"minecraft:swim_one_cm":13462,"minecraft:interact_with_crafting_table":7,"minecraft:fly_one_cm":109485,"minecraft:deaths":1,"minecraft:crouch_one_cm":1868,"minecraft:play_time":27181,"tombstone:undead_killed":1,"minecraft:sneak_time":1009,"minecraft:walk_under_water_one_cm":3851,"minecraft:jump":522,"minecraft:walk_on_water_one_cm":6681,"minecraft:time_since_death":3096,"minecraft:sleep_in_bed":1,"minecraft:total_world_time":27181,"minecraft:fall_one_cm":11336},"minecraft:picked_up":{"minecraft:crafting_table":3,"peru_mod:puya_seed":1,"minecraft:leather":7,"minecraft:porkchop":8,"minecraft:oak_log":8,"peru_mod:quirquincho_shell":1,"minecraft:white_bed":5,"peru_mod:onion":9,"minecraft:dirt":7,"minecraft:bone":1,"minecraft:arrow":1,"peru_mod:kinwa":1,"minecraft:wheat_seeds":5,"minecraft:beef":18,"born_in_chaos_v1:spiny_shell":2,"minecraft:light_gray_wool":1,"born_in_chaos_v1:rotten_fish":1,"minecraft:sugar_cane":2,"minecraft:mutton":5,"minecraft:coal":10,"minecraft:white_wool":3,"minecraft:cobblestone":19,"minecraft:furnace":2},"minecraft:used":{"minecraft:stone_sword":64,"minecraft:stone_pickaxe":20,"minecraft:wooden_pickaxe":10,"minecraft:stone_axe":10,"minecraft:dirt":7,"minecraft:crafting_table":3,"minecraft:furnace":2,"minecraft:cooked_porkchop":2,"minecraft:white_bed":5,"alexsmobs:animal_dictionary":4},"minecraft:mined":{"peru_mod:puyabase":1,"minecraft:white_bed":5,"minecraft:furnace":2,"peru_mod:puya_stem":1,"peru_mod:onion_plant":9,"peru_mod:kinwa":2,"minecraft:crafting_table":3,"minecraft:grass":18,"minecraft:oak_log":8,"minecraft:grass_block":1,"minecraft:coal_ore":7,"minecraft:dirt":6,"minecraft:tall_grass":8,"minecraft:cobblestone":1,"minecraft:stone":18,"minecraft:sugar_cane":1},"minecraft:crafted":{"minecraft:oak_planks":32,"minecraft:cooked_porkchop":2,"minecraft:crafting_table":1,"minecraft:stick":8,"minecraft:wooden_pickaxe":1,"minecraft:stone_pickaxe":1,"minecraft:stone_sword":1,"minecraft:furnace":1,"minecraft:white_bed":1,"minecraft:stone_axe":1,"minecraft:air":0}},"DataVersion":2975}