{"stats":{"minecraft:killed":{"minecraft:sheep":4,"minecraft:skeleton":1,"minecraft:pig":1},"minecraft:custom":{"minecraft:time_since_rest":15181,"minecraft:interact_with_furnace":2,"minecraft:sprint_one_cm":12834,"minecraft:damage_taken":110,"minecraft:walk_one_cm":7268,"minecraft:mob_kills":6,"minecraft:damage_dealt":620,"minecraft:swim_one_cm":1719,"minecraft:interact_with_crafting_table":6,"minecraft:fly_one_cm":16899,"minecraft:crouch_one_cm":1756,"minecraft:play_time":15181,"tombstone:undead_killed":1,"minecraft:sneak_time":879,"minecraft:walk_under_water_one_cm":1515,"minecraft:jump":126,"minecraft:walk_on_water_one_cm":2421,"minecraft:time_since_death":15181,"minecraft:total_world_time":15181,"minecraft:fall_one_cm":4370},"minecraft:picked_up":{"minecraft:crafting_table":2,"minecraft:porkchop":2,"minecraft:oak_log":8,"minecraft:dirt":7,"minecraft:bone":1,"minecraft:arrow":1,"minecraft:light_gray_wool":1,"minecraft:mutton":5,"minecraft:coal":8,"minecraft:white_wool":3,"minecraft:cobblestone":18,"minecraft:furnace":1},"minecraft:used":{"minecraft:stone_sword":14,"minecraft:stone_pickaxe":16,"minecraft:wooden_pickaxe":10,"minecraft:stone_axe":7,"minecraft:dirt":7,"minecraft:crafting_table":2,"minecraft:furnace":1,"minecraft:cooked_porkchop":1,"alexsmobs:animal_dictionary":4},"minecraft:mined":{"minecraft:furnace":1,"minecraft:crafting_table":2,"minecraft:oak_log":8,"minecraft:grass_block":1,"minecraft:coal_ore":5,"minecraft:dirt":6,"minecraft:stone":18},"minecraft:crafted":{"minecraft:oak_planks":12,"minecraft:cooked_porkchop":2,"minecraft:crafting_table":1,"minecraft:stick":8,"minecraft:wooden_pickaxe":1,"minecraft:stone_pickaxe":1,"minecraft:stone_sword":1,"minecraft:furnace":1,"minecraft:stone_axe":1,"minecraft:air":0}},"DataVersion":2975}