{"stats":{"minecraft:used":{"minecraft:water_bucket":2,"minecraft:netherite_sword":12,"minecraft:leather_leggings":1,"minecraft:leather_chestplate":1,"alexsmobs:spawn_egg_anaconda":2,"minecraft:leather_boots":1,"minecraft:torch":9,"minecraft:granite":1,"minecraft:wooden_hoe":30,"alexsmobs:spawn_egg_grizzly_bear":2,"alexsmobs:spawn_egg_hummingbird":2,"minecraft:netherite_axe":38,"minecraft:leather_helmet":1,"alexsmobs:spawn_egg_leafcutter_ant":3,"minecraft:yellow_wool":2,"minecraft:cobblestone":4,"minecraft:golden_carrot":2,"alexsmobs:spawn_egg_bison":1,"minecraft:hay_block":2,"minecraft:andesite":1,"minecraft:bucket":3,"minecraft:netherite_pickaxe":189,"minecraft:yellow_bed":2,"peru_mod:pachamanca_cooked":1,"alexsmobs:spawn_egg_roadrunner":1},"minecraft:picked_up":{"born_in_chaos_v1:corpse_maggot":3,"minecraft:charcoal":8,"minecraft:leather_chestplate":2,"minecraft:wheat":174,"minecraft:leather_leggings":2,"minecraft:golden_carrot":122,"minecraft:chicken":9,"minecraft:water_bucket":2,"minecraft:andesite":37,"minecraft:salmon":1,"minecraft:jungle_log":3,"minecraft:yellow_wool":2,"minecraft:potato":8,"minecraft:enchanted_book":4,"minecraft:yellow_bed":2,"minecraft:wooden_hoe":2,"minecraft:map":3,"minecraft:cornflower":2,"minecraft:lapis_lazuli":39,"tombstone:gift":3,"minecraft:raw_copper":5,"mca:baby_girl":2,"minecraft:leather_boots":2,"minecraft:experience_bottle":2,"minecraft:apple":2,"iceandfire:pixie_jar_empty":3,"minecraft:bow":2,"minecraft:wheat_seeds":483,"minecraft:netherite_sword":2,"minecraft:iron_ingot":2,"minecraft:netherite_axe":2,"sophisticatedbackpacks:netherite_backpack":4,"minecraft:raw_iron":21,"iceandfire:copper_nugget":136,"simpleplanes:plane":2,"minecraft:acacia_fence":3,"minecraft:torch":32,"minecraft:dandelion":1,"minecraft:diorite":18,"minecraft:netherite_pickaxe":2,"minecraft:leather_helmet":2,"minecraft:firework_rocket":129,"minecraft:rotten_flesh":3,"minecraft:slime_ball":3,"minecraft:diamond":1,"minecraft:hay_block":7,"minecraft:granite":8,"minecraft:gold_ingot":2,"minecraft:coal":5,"minecraft:cobblestone":257},"minecraft:dropped":{"minecraft:wheat_seeds":456,"minecraft:blue_dye":1,"minecraft:golden_carrot":1,"minecraft:firework_rocket":1},"minecraft:killed_by":{"born_in_chaos_v1:diamond_termite":2},"minecraft:killed":{"born_in_chaos_v1:maggot":2},"minecraft:crafted":{"minecraft:jungle_planks":12,"minecraft:blue_dye":2,"minecraft:wooden_hoe":1,"minecraft:yellow_dye":1,"minecraft:stick":8,"sophisticatedbackpacks:netherite_backpack":2,"minecraft:torch":24,"minecraft:wheat":45},"minecraft:mined":{"iceandfire:pixie_jar_empty":3,"iceandfire:copper_pile":18,"minecraft:dandelion":1,"born_in_chaos_v1:infected_diamond_ore":1,"minecraft:cornflower":2,"minecraft:granite":4,"minecraft:chest":1,"minecraft:campfire":4,"minecraft:copper_ore":1,"minecraft:tall_grass":1,"minecraft:cobblestone":2,"minecraft:lapis_ore":6,"minecraft:diorite":18,"minecraft:hay_block":7,"minecraft:yellow_wool":2,"minecraft:iron_ore":4,"minecraft:wheat":140,"minecraft:andesite":26,"peru_mod:amazon_log":4,"minecraft:yellow_bed":2,"minecraft:grass":14,"minecraft:coal_ore":5,"minecraft:deepslate_iron_ore":3,"minecraft:acacia_fence":1,"minecraft:stone":119,"minecraft:oak_leaves":9,"minecraft:fern":3},"minecraft:custom":{"minecraft:mob_kills":2,"minecraft:leave_game":5,"minecraft:time_since_death":448,"minecraft:sleep_in_bed":2,"minecraft:time_since_rest":506,"minecraft:sprint_one_cm":28021,"minecraft:damage_taken":735,"minecraft:walk_one_cm":87120,"minecraft:drop":11,"minecraft:damage_dealt":298,"minecraft:fly_one_cm":14967,"minecraft:open_chest":13,"minecraft:crouch_one_cm":275,"minecraft:play_time":95607,"minecraft:deaths":2,"minecraft:walk_under_water_one_cm":619,"minecraft:sneak_time":165,"minecraft:jump":275,"minecraft:walk_on_water_one_cm":4263,"minecraft:total_world_time":95607,"minecraft:fall_one_cm":4656}},"DataVersion":2975}