{"stats":{"minecraft:used":{"minecraft:leather_leggings":1,"minecraft:wooden_hoe":26,"alexsmobs:spawn_egg_grizzly_bear":2,"alexsmobs:spawn_egg_hummingbird":2,"minecraft:netherite_axe":24,"minecraft:leather_helmet":1,"minecraft:leather_chestplate":1,"alexsmobs:spawn_egg_leafcutter_ant":3,"alexsmobs:spawn_egg_anaconda":2,"minecraft:leather_boots":1,"minecraft:yellow_wool":2,"minecraft:golden_carrot":2,"alexsmobs:spawn_egg_bison":1,"minecraft:hay_block":2,"alexsmobs:spawn_egg_roadrunner":1,"peru_mod:pachamanca_cooked":1},"minecraft:picked_up":{"minecraft:charcoal":8,"born_in_chaos_v1:corpse_maggot":1,"iceandfire:copper_nugget":50,"minecraft:wheat":174,"minecraft:chicken":9,"minecraft:acacia_fence":1,"minecraft:jungle_log":3,"minecraft:salmon":1,"minecraft:yellow_wool":2,"minecraft:dandelion":1,"minecraft:potato":8,"minecraft:enchanted_book":2,"minecraft:yellow_bed":1,"minecraft:cornflower":2,"minecraft:map":3,"minecraft:firework_rocket":1,"iceandfire:pixie_jar_empty":1,"minecraft:experience_bottle":2,"minecraft:rotten_flesh":1,"minecraft:slime_ball":3,"minecraft:apple":2,"minecraft:diamond":1,"minecraft:wheat_seeds":465,"minecraft:hay_block":7,"minecraft:iron_ingot":2,"minecraft:gold_ingot":1},"minecraft:dropped":{"minecraft:blue_dye":1,"minecraft:wheat_seeds":456,"minecraft:golden_carrot":1,"minecraft:firework_rocket":1},"minecraft:killed":{"born_in_chaos_v1:maggot":2},"minecraft:crafted":{"minecraft:blue_dye":2,"minecraft:wooden_hoe":1,"minecraft:yellow_dye":1,"minecraft:stick":8,"sophisticatedbackpacks:netherite_backpack":2,"minecraft:jungle_planks":12,"minecraft:wheat":45},"minecraft:mined":{"iceandfire:pixie_jar_empty":1,"minecraft:hay_block":7,"iceandfire:copper_pile":6,"minecraft:yellow_wool":2,"minecraft:wheat":140,"minecraft:dandelion":1,"peru_mod:amazon_log":4,"minecraft:yellow_bed":1,"minecraft:cornflower":2,"minecraft:grass":14,"minecraft:chest":1,"minecraft:acacia_fence":1,"minecraft:campfire":4,"minecraft:tall_grass":1,"minecraft:oak_leaves":9,"minecraft:fern":3},"minecraft:custom":{"minecraft:time_since_rest":10460,"minecraft:sprint_one_cm":24626,"minecraft:damage_taken":120,"minecraft:walk_one_cm":65246,"minecraft:mob_kills":2,"minecraft:drop":11,"minecraft:damage_dealt":120,"minecraft:fly_one_cm":12867,"minecraft:open_chest":11,"minecraft:crouch_one_cm":182,"minecraft:play_time":83367,"minecraft:sneak_time":71,"minecraft:jump":169,"minecraft:walk_on_water_one_cm":1313,"minecraft:leave_game":4,"minecraft:time_since_death":83367,"minecraft:sleep_in_bed":1,"minecraft:total_world_time":83367,"minecraft:fall_one_cm":3094}},"DataVersion":2975}