{"stats":{"minecraft:used":{"alexsmobs:spawn_egg_hummingbird":2,"peru_mod:pachamanca_cooked":1,"alexsmobs:spawn_egg_roadrunner":1,"alexsmobs:spawn_egg_leafcutter_ant":3,"alexsmobs:spawn_egg_anaconda":2,"alexsmobs:spawn_egg_bison":1,"alexsmobs:spawn_egg_grizzly_bear":2},"minecraft:custom":{"minecraft:jump":22,"minecraft:time_since_rest":55035,"minecraft:crouch_one_cm":182,"minecraft:leave_game":4,"minecraft:play_time":55035,"minecraft:sprint_one_cm":301,"minecraft:time_since_death":55035,"minecraft:walk_one_cm":18580,"minecraft:sneak_time":71,"minecraft:total_world_time":55035,"minecraft:fly_one_cm":1193}},"DataVersion":2975}