{"stats":{"minecraft:custom":{"minecraft:jump":17,"minecraft:time_since_rest":28267,"minecraft:crouch_one_cm":182,"minecraft:sprint_one_cm":301,"minecraft:play_time":28267,"minecraft:time_since_death":28267,"minecraft:walk_one_cm":17881,"minecraft:sneak_time":71,"minecraft:total_world_time":28267,"minecraft:fly_one_cm":48},"minecraft:used":{"alexsmobs:spawn_egg_hummingbird":2,"alexsmobs:spawn_egg_roadrunner":1,"peru_mod:pachamanca_cooked":1,"alexsmobs:spawn_egg_leafcutter_ant":3,"alexsmobs:spawn_egg_anaconda":2,"alexsmobs:spawn_egg_bison":1,"alexsmobs:spawn_egg_grizzly_bear":2}},"DataVersion":2975}