{"stats":{"minecraft:used":{"minecraft:golden_carrot":2,"alexsmobs:spawn_egg_bison":1,"alexsmobs:spawn_egg_grizzly_bear":2,"alexsmobs:spawn_egg_hummingbird":2,"minecraft:netherite_axe":8,"peru_mod:pachamanca_cooked":1,"alexsmobs:spawn_egg_roadrunner":1,"alexsmobs:spawn_egg_leafcutter_ant":3,"alexsmobs:spawn_egg_anaconda":2},"minecraft:picked_up":{"born_in_chaos_v1:corpse_maggot":1,"minecraft:salmon":1,"minecraft:chicken":1,"minecraft:firework_rocket":1,"minecraft:experience_bottle":2,"minecraft:apple":2,"minecraft:rotten_flesh":1,"minecraft:jungle_log":3,"minecraft:enchanted_book":2,"minecraft:gold_ingot":1,"minecraft:map":3},"minecraft:dropped":{"minecraft:golden_carrot":1,"minecraft:firework_rocket":1},"minecraft:killed":{"born_in_chaos_v1:maggot":2},"minecraft:mined":{"minecraft:chest":1,"peru_mod:amazon_log":4,"minecraft:oak_leaves":5},"minecraft:custom":{"minecraft:open_chest":3,"minecraft:time_since_rest":71367,"minecraft:crouch_one_cm":182,"minecraft:sprint_one_cm":6205,"minecraft:play_time":71367,"minecraft:damage_taken":110,"minecraft:walk_one_cm":33540,"minecraft:sneak_time":71,"minecraft:mob_kills":2,"minecraft:drop":2,"minecraft:jump":75,"minecraft:damage_dealt":120,"minecraft:leave_game":4,"minecraft:time_since_death":71367,"minecraft:total_world_time":71367,"minecraft:fall_one_cm":1443,"minecraft:fly_one_cm":5330}},"DataVersion":2975}