{"stats":{"minecraft:used":{"minecraft:stone_sword":11,"minecraft:wooden_pickaxe":24,"minecraft:stone_axe":9,"minecraft:wooden_sword":27,"minecraft:dirt":6,"born_in_chaos_v1:rotten_fish":2,"minecraft:crafting_table":3,"tombstone:gift":1},"minecraft:killed_by":{"born_in_chaos_v1:maggot":1,"born_in_chaos_v1:shy_spirit":1},"minecraft:crafted":{"minecraft:wooden_sword":1,"minecraft:oak_planks":56,"minecraft:crafting_table":2,"minecraft:stick":12,"minecraft:wooden_pickaxe":2,"minecraft:stone_pickaxe":1,"minecraft:stone_sword":1,"minecraft:stone_axe":1},"minecraft:dropped":{"minecraft:wheat_seeds":1},"minecraft:mined":{"peru_mod:puya_stem":1,"croptopia:peach_crop":1,"minecraft:crafting_table":3,"minecraft:grass":11,"minecraft:grass_block":3,"minecraft:oak_log":21,"minecraft:dirt":3,"minecraft:tall_grass":1,"minecraft:stone":22,"minecraft:oak_leaves":5},"minecraft:custom":{"minecraft:time_since_rest":9371,"minecraft:sprint_one_cm":60829,"minecraft:damage_taken":405,"minecraft:walk_one_cm":55190,"minecraft:mob_kills":10,"minecraft:drop":1,"minecraft:damage_dealt":1182,"minecraft:swim_one_cm":1720,"minecraft:interact_with_crafting_table":4,"minecraft:fly_one_cm":93792,"minecraft:crouch_one_cm":3570,"minecraft:play_time":45845,"tombstone:undead_killed":4,"minecraft:deaths":2,"minecraft:sneak_time":1398,"minecraft:walk_under_water_one_cm":77,"minecraft:jump":403,"minecraft:leave_game":4,"minecraft:time_since_death":9336,"minecraft:walk_on_water_one_cm":198,"minecraft:total_world_time":45845,"minecraft:fall_one_cm":6366},"minecraft:killed":{"born_in_chaos_v1:barrel_zombie":1,"minecraft:sheep":1,"born_in_chaos_v1:zombie_fisherman":1,"minecraft:zombie":2,"minecraft:pig":2,"born_in_chaos_v1:maggot":3},"minecraft:picked_up":{"minecraft:nautilus_shell":1,"minecraft:crafting_table":3,"minecraft:porkchop":4,"minecraft:oak_log":25,"alexsmobs:animal_dictionary":1,"minecraft:lapis_lazuli":1,"minecraft:prismarine_crystals":3,"minecraft:dirt":6,"minecraft:pufferfish":1,"minecraft:rotten_flesh":2,"minecraft:wheat_seeds":1,"minecraft:raw_gold":1,"born_in_chaos_v1:rotten_fish":2,"minecraft:mutton":2,"minecraft:white_wool":1,"minecraft:cobblestone":22}},"DataVersion":2975}