{"stats":{"minecraft:used":{"minecraft:cooked_mutton":1,"iceandfire:silver_sword":25,"minecraft:stone_sword":30,"minecraft:stone_pickaxe":82,"minecraft:wooden_pickaxe":24,"minecraft:white_wool":2,"minecraft:dirt":6,"biomesoplenty:umbran_log":1,"minecraft:crafting_table":6,"minecraft:bread":3,"minecraft:stone_axe":23,"minecraft:wooden_sword":27,"minecraft:cobblestone":32,"born_in_chaos_v1:rotten_fish":2,"minecraft:furnace":1,"tombstone:gift":1,"minecraft:oak_boat":1,"minecraft:cooked_beef":3},"minecraft:killed_by":{"born_in_chaos_v1:maggot":1,"born_in_chaos_v1:shy_spirit":1},"minecraft:crafted":{"minecraft:cooked_beef":9,"biomesoplenty:umbran_planks":16,"minecraft:wooden_sword":1,"minecraft:oak_planks":84,"epicsamurai:silver_ingot":2,"sophisticatedbackpacks:backpack":1,"minecraft:cooked_porkchop":4,"minecraft:crafting_table":2,"minecraft:wooden_pickaxe":2,"minecraft:furnace":1,"minecraft:stone_axe":1,"minecraft:bread":39,"minecraft:cooked_mutton":4,"minecraft:air":0,"minecraft:oak_boat":1,"minecraft:string":8,"minecraft:charcoal":3,"minecraft:stick":12,"minecraft:gold_ingot":4,"minecraft:stone_pickaxe":1,"minecraft:chest":1,"minecraft:stone_sword":1,"iceandfire:silver_sword":1,"minecraft:wheat":117},"minecraft:dropped":{"minecraft:wheat_seeds":1,"minecraft:stone_sword":1,"minecraft:cooked_mutton":4,"iceandfire:copper_ore":2,"iceandfire:pixie_dust":1,"minecraft:wooden_pickaxe":1},"minecraft:mined":{"minecraft:white_bed":1,"iceandfire:copper_pile":2,"peru_mod:puya_stem":1,"minecraft:crafting_table":6,"minecraft:grass_block":6,"minecraft:tall_grass":1,"minecraft:cobblestone":13,"biomesoplenty:dead_grass":1,"minecraft:hay_block":13,"minecraft:furnace":1,"iceandfire:copper_ore":1,"minecraft:andesite":1,"biomesoplenty:umbran_log":5,"croptopia:peach_crop":1,"iceandfire:silver_pile":6,"iceandfire:gold_pile":6,"minecraft:grass":15,"biomesoplenty:dead_log":3,"minecraft:coal_ore":10,"minecraft:oak_log":21,"minecraft:dirt":6,"minecraft:cobweb":17,"minecraft:stone":69,"minecraft:white_wool":2,"minecraft:oak_leaves":5},"minecraft:custom":{"minecraft:interact_with_furnace":14,"minecraft:mob_kills":20,"minecraft:interact_with_crafting_table":9,"minecraft:leave_game":4,"minecraft:time_since_death":45336,"minecraft:sleep_in_bed":1,"minecraft:climb_one_cm":1043,"minecraft:time_since_rest":3668,"minecraft:sprint_one_cm":115582,"minecraft:damage_taken":855,"minecraft:walk_one_cm":129453,"minecraft:drop":10,"minecraft:damage_dealt":2154,"minecraft:swim_one_cm":5931,"minecraft:fly_one_cm":189536,"minecraft:open_chest":6,"minecraft:crouch_one_cm":9239,"minecraft:play_time":81845,"tombstone:undead_killed":6,"minecraft:deaths":2,"minecraft:sneak_time":3739,"minecraft:walk_under_water_one_cm":390,"minecraft:boat_one_cm":2731,"tombstone:villager_killed":1,"minecraft:jump":881,"minecraft:walk_on_water_one_cm":2729,"minecraft:total_world_time":81845,"minecraft:fall_one_cm":16013},"minecraft:killed":{"born_in_chaos_v1:barrel_zombie":1,"minecraft:pig":2,"born_in_chaos_v1:baby_skeleton":1,"born_in_chaos_v1:maggot":3,"minecraft:sheep":2,"born_in_chaos_v1:zombie_fisherman":1,"minecraft:zombie":2,"mca:male_villager":1,"born_in_chaos_v1:baby_skeleton_2":1,"minecraft:cow":4},"minecraft:picked_up":{"minecraft:nautilus_shell":1,"minecraft:crafting_table":6,"iceandfire:copper_ore":3,"minecraft:andesite":1,"minecraft:leather":5,"biomesoplenty:dead_log":3,"minecraft:oak_log":25,"minecraft:lapis_lazuli":1,"minecraft:string":19,"minecraft:dirt":11,"minecraft:lantern":1,"minecraft:cooked_mutton":1,"minecraft:pufferfish":1,"minecraft:bone":4,"minecraft:wheat_seeds":1,"minecraft:gold_nugget":36,"minecraft:raw_gold":1,"minecraft:beef":9,"minecraft:oak_boat":1,"biomesoplenty:umbran_log":5,"minecraft:furnace":1,"iceandfire:copper_nugget":14,"biomesoplenty:umbran_planks":2,"minecraft:porkchop":5,"minecraft:white_bed":1,"minecraft:prismarine_crystals":3,"alexsmobs:animal_dictionary":1,"minecraft:arrow":2,"minecraft:rotten_flesh":2,"minecraft:hay_block":13,"iceandfire:silver_nugget":20,"tombstone:magic_scroll":1,"born_in_chaos_v1:rotten_fish":2,"minecraft:coal":10,"minecraft:mutton":4,"minecraft:white_wool":4,"minecraft:cobblestone":82}},"DataVersion":2975}