{"stats":{"minecraft:picked_up":{"minecraft:oak_log":8,"alexsmobs:animal_dictionary":1},"minecraft:killed_by":{"born_in_chaos_v1:shy_spirit":1},"minecraft:mined":{"minecraft:grass":2,"minecraft:oak_log":4,"minecraft:oak_leaves":3},"minecraft:custom":{"minecraft:jump":108,"minecraft:damage_dealt":10,"minecraft:time_since_rest":6012,"minecraft:damage_taken":225,"minecraft:leave_game":3,"minecraft:time_since_death":4629,"minecraft:crouch_one_cm":167,"minecraft:play_time":14113,"minecraft:sprint_one_cm":23959,"minecraft:walk_one_cm":18497,"minecraft:deaths":1,"minecraft:sneak_time":94,"minecraft:total_world_time":14113,"minecraft:fall_one_cm":1113,"minecraft:fly_one_cm":26940}},"DataVersion":2975}