{"stats":{"minecraft:custom":{"minecraft:jump":11,"minecraft:time_since_rest":7171,"minecraft:leave_game":1,"minecraft:damage_taken":25,"minecraft:crouch_one_cm":167,"minecraft:sprint_one_cm":2898,"minecraft:play_time":7171,"minecraft:time_since_death":7171,"minecraft:walk_one_cm":3734,"minecraft:sneak_time":94,"minecraft:total_world_time":7171,"minecraft:fly_one_cm":2259},"minecraft:mined":{"minecraft:grass":2,"minecraft:oak_log":4,"minecraft:oak_leaves":3},"minecraft:picked_up":{"minecraft:oak_log":4}},"DataVersion":2975}