{"stats":{"minecraft:used":{"minecraft:stone_sword":21,"minecraft:stone_pickaxe":1,"minecraft:wooden_pickaxe":24,"minecraft:dirt":6,"biomesoplenty:umbran_log":1,"minecraft:crafting_table":5,"minecraft:stone_axe":20,"minecraft:wooden_sword":27,"born_in_chaos_v1:rotten_fish":2,"minecraft:furnace":1,"tombstone:gift":1,"minecraft:oak_boat":1,"minecraft:cooked_beef":2},"minecraft:killed_by":{"born_in_chaos_v1:maggot":1,"born_in_chaos_v1:shy_spirit":1},"minecraft:crafted":{"minecraft:cooked_beef":9,"biomesoplenty:umbran_planks":16,"minecraft:wooden_sword":1,"minecraft:oak_planks":84,"minecraft:cooked_porkchop":4,"minecraft:crafting_table":2,"minecraft:wooden_pickaxe":2,"minecraft:furnace":1,"minecraft:stone_axe":1,"minecraft:cooked_mutton":4,"minecraft:air":0,"minecraft:oak_boat":1,"minecraft:charcoal":3,"minecraft:stick":12,"minecraft:stone_pickaxe":1,"minecraft:stone_sword":1},"minecraft:dropped":{"minecraft:wheat_seeds":1,"minecraft:cooked_mutton":4,"minecraft:wooden_pickaxe":1},"minecraft:mined":{"peru_mod:puya_stem":1,"minecraft:crafting_table":5,"minecraft:grass_block":3,"minecraft:tall_grass":1,"biomesoplenty:dead_grass":1,"minecraft:furnace":1,"biomesoplenty:umbran_log":5,"croptopia:peach_crop":1,"minecraft:grass":12,"biomesoplenty:dead_log":3,"minecraft:oak_log":21,"minecraft:dirt":3,"minecraft:stone":22,"minecraft:oak_leaves":5},"minecraft:custom":{"minecraft:interact_with_furnace":14,"minecraft:mob_kills":15,"minecraft:interact_with_crafting_table":6,"minecraft:leave_game":4,"minecraft:time_since_death":21336,"minecraft:time_since_rest":21371,"minecraft:sprint_one_cm":75962,"minecraft:damage_taken":565,"minecraft:walk_one_cm":77634,"minecraft:drop":6,"minecraft:damage_dealt":1662,"minecraft:swim_one_cm":2972,"minecraft:fly_one_cm":124259,"minecraft:crouch_one_cm":3903,"minecraft:play_time":57845,"tombstone:undead_killed":4,"minecraft:deaths":2,"minecraft:sneak_time":1495,"minecraft:walk_under_water_one_cm":93,"minecraft:boat_one_cm":2731,"minecraft:jump":554,"minecraft:walk_on_water_one_cm":2230,"minecraft:total_world_time":57845,"minecraft:fall_one_cm":9677},"minecraft:killed":{"born_in_chaos_v1:barrel_zombie":1,"minecraft:pig":2,"born_in_chaos_v1:maggot":3,"minecraft:sheep":2,"born_in_chaos_v1:zombie_fisherman":1,"minecraft:zombie":2,"minecraft:cow":4},"minecraft:picked_up":{"minecraft:nautilus_shell":1,"minecraft:crafting_table":5,"minecraft:leather":5,"biomesoplenty:dead_log":3,"minecraft:oak_log":25,"minecraft:lapis_lazuli":1,"minecraft:dirt":6,"minecraft:cooked_mutton":1,"minecraft:pufferfish":1,"minecraft:wheat_seeds":1,"minecraft:raw_gold":1,"minecraft:beef":9,"minecraft:oak_boat":1,"biomesoplenty:umbran_log":5,"minecraft:furnace":1,"biomesoplenty:umbran_planks":2,"minecraft:porkchop":4,"minecraft:prismarine_crystals":3,"alexsmobs:animal_dictionary":1,"minecraft:rotten_flesh":2,"born_in_chaos_v1:rotten_fish":2,"minecraft:mutton":4,"minecraft:white_wool":2,"minecraft:cobblestone":22}},"DataVersion":2975}