{"stats":{"minecraft:picked_up":{"minecraft:oak_log":13,"alexsmobs:animal_dictionary":1,"minecraft:dirt":3},"minecraft:used":{"minecraft:dirt":1},"minecraft:killed_by":{"born_in_chaos_v1:shy_spirit":1},"minecraft:mined":{"minecraft:grass":2,"minecraft:grass_block":1,"minecraft:oak_log":9,"minecraft:dirt":2,"minecraft:oak_leaves":4},"minecraft:custom":{"minecraft:time_since_rest":15605,"minecraft:crouch_one_cm":388,"minecraft:deaths":1,"minecraft:sprint_one_cm":26036,"minecraft:play_time":23706,"minecraft:damage_taken":225,"minecraft:walk_one_cm":20274,"minecraft:sneak_time":183,"minecraft:jump":118,"minecraft:damage_dealt":10,"minecraft:leave_game":3,"minecraft:time_since_death":14222,"minecraft:total_world_time":23706,"minecraft:fall_one_cm":1531,"minecraft:fly_one_cm":29476}},"DataVersion":2975}