{"stats":{"minecraft:used":{"minecraft:wooden_sword":7,"minecraft:dirt":5,"minecraft:crafting_table":1},"minecraft:killed_by":{"born_in_chaos_v1:shy_spirit":1},"minecraft:crafted":{"minecraft:wooden_sword":1,"minecraft:oak_planks":36,"minecraft:crafting_table":1,"minecraft:stick":4,"minecraft:wooden_pickaxe":1},"minecraft:mined":{"minecraft:grass":3,"minecraft:grass_block":2,"minecraft:oak_log":9,"minecraft:dirt":3,"minecraft:crafting_table":1,"minecraft:oak_leaves":4},"minecraft:killed":{"born_in_chaos_v1:zombie_fisherman":1},"minecraft:custom":{"tombstone:undead_killed":1,"minecraft:time_since_rest":25744,"minecraft:damage_taken":225,"minecraft:crouch_one_cm":970,"minecraft:sprint_one_cm":26711,"minecraft:play_time":33845,"minecraft:deaths":1,"minecraft:walk_one_cm":35124,"minecraft:sneak_time":310,"minecraft:mob_kills":1,"minecraft:jump":163,"minecraft:damage_dealt":238,"minecraft:leave_game":4,"minecraft:time_since_death":24361,"minecraft:total_world_time":33845,"minecraft:interact_with_crafting_table":1,"minecraft:fall_one_cm":1949,"minecraft:fly_one_cm":31854},"minecraft:picked_up":{"minecraft:crafting_table":1,"minecraft:oak_log":13,"minecraft:dirt":5,"alexsmobs:animal_dictionary":1}},"DataVersion":2975}